slug,term,grade,primary_ccss,all_ccss,strand,all_strands,merged,definition,example_1,example_2,key_rule,memory_hook,related_terms,content_status,source_cards
consecutive-integers-grade-8,Consecutive Integers,8th,8.NS.A.2,8.NS.A.2,The Number System,The Number System,,"Whole numbers that follow each other in order, each one greater than the previous. Used to locate irrational numbers between two whole-number bounds.","5, 6, 7 or 11, 12, 13 are consecutive integers.","The square root of 20 falls between consecutive integers 4 and 5, since 4²=16 and 5²=25.","To trap an irrational root, find the two perfect squares it falls between, then take their roots.","Whole numbers, one after another.",irrational-number-grade-8; perfect-square-grade-8; rational-approximation-grade-8; rational-number-grade-8,DONE (OCR from card),ns8_consecutiveintegers
irrational-number-grade-8,Irrational Number,8th,8.NS.A.1,8.NS.A.1,The Number System,The Number System,,A number whose decimal form never terminates and never repeats. It cannot be written as a fraction of two integers.,Pi = 3.14159265... — the digits never repeat.,"Square roots of non-perfect-squares are irrational, like √2, √3, √5.",Rational decimals stop or repeat; irrational decimals never do either.,"Never ends, never repeats, never a fraction.",consecutive-integers-grade-8; perfect-square-grade-8; rational-approximation-grade-8; rational-number-grade-8,DONE (OCR from card),ns8_irrationalnumber
perfect-square-grade-8,Perfect Square,8th,8.EE.A.2,8.EE.A.2; 8.NS.A.2,The Number System,Expressions & Equations; The Number System,YES,A number that equals an integer multiplied by itself. The square root of a perfect square is a whole number.,16 is a perfect square because 4×4=16.,"20 is NOT a perfect square — √20 ≈ 4.47, irrational.",The square root of a perfect square is always a whole number.,A whole number times itself.,consecutive-integers-grade-8; irrational-number-grade-8; rational-approximation-grade-8; rational-number-grade-8,DONE (OCR from card),ns8_perfectsquare; ee8_perfectsquare
rational-approximation-grade-8,Rational Approximation,8th,8.NS.A.2,8.NS.A.2,The Number System,The Number System,,A rational number (fraction or decimal) used to estimate an irrational number. Found by squeezing the value between closer and closer rational bounds.,"√2 is between 1 and 2, then between 1.4 and 1.5, narrowing to about 1.41.","Square the guess, compare to the target, then narrow the range one decimal place at a time.",Squeeze the irrational number between closer and closer rational bounds.,Get closer and closer with decimals.,consecutive-integers-grade-8; irrational-number-grade-8; perfect-square-grade-8; rational-number-grade-8,DONE (OCR from card),ns8_rationalapprox
rational-number-grade-8,Rational Number,8th,8.EE.C.7b,8.EE.C.7b; 8.NS.A.1,The Number System,Expressions & Equations; The Number System,YES,"Any number that can be written as a ratio p/q of two integers, where q is not zero. Includes integers, fractions, and terminating or repeating decimals.","3/4, -5/8, and 2/3 are all rational.",0.25 = 1/4 and 0.333... = 1/3 are also rational.,"If it can be written as p/q, it's rational — this includes repeating and terminating decimals.",Any fraction of two integers.,consecutive-integers-grade-8; irrational-number-grade-8; perfect-square-grade-8; rational-approximation-grade-8,DONE (OCR from card),ns8_rationalnumber; ee8_rationalnumber
repeating-decimal-grade-8,Repeating Decimal,8th,8.NS.A.1,8.NS.A.1,The Number System,The Number System,,A decimal in which a digit or block of digits repeats infinitely. Shown with a bar over the repeating part. Repeating decimals are rational numbers.,0.333... is written 0.3 with a bar — the 3 repeats.,0.142857142857... has a 6-digit repeating block.,Both terminating and repeating decimals are rational.,The bar shows what repeats forever.,consecutive-integers-grade-8; irrational-number-grade-8; perfect-square-grade-8; rational-approximation-grade-8,DONE (OCR from card),ns8_repeatingdecimal
terminating-decimal-grade-8,Terminating Decimal,8th,8.NS.A.1,8.NS.A.1,The Number System,The Number System,,A decimal that ends after a finite number of digits. A fraction terminates when its denominator (in lowest terms) has only 2s and 5s as prime factors.,"1 ÷ 4 = 0.25, stopping after 2 places.","1/3 = 0.333... never stops, since 3 isn't a factor of 2 or 5.",Check the denominator's prime factors — only 2s and 5s mean it terminates.,"It stops, because the denominator only has 2s and 5s.",consecutive-integers-grade-8; irrational-number-grade-8; perfect-square-grade-8; rational-approximation-grade-8,DONE (OCR from card),ns8_terminatingdecimal
decreasing-grade-8,Decreasing,8th,8.F.B.5,8.F.B.5,Functions,Functions,,"Describes a portion of a graph where the output falls as the input increases, reading from left to right. A negative slope indicates a decreasing line.","As x goes right, y goes down.",Negative slope means decreasing.,A decreasing function's graph falls as you read left to right.,Line goes down to the right.,function-grade-8; increasing-grade-8; initial-value-grade-8; input-grade-8,DONE (OCR from card),f8_decreasing
function-grade-8,Function,8th,8.F.A.1,8.F.A.1,Functions,Functions,,A rule that assigns to each input exactly one output. No input may produce more than one output.,"f(x) = 2x + 1: input x=3 gives exactly one output, 7.",An input pointing to two different outputs is NOT a function.,Every input must map to exactly one output for it to be a function.,"One input, one output — always.",decreasing-grade-8; increasing-grade-8; initial-value-grade-8; input-grade-8,DONE (OCR from card),f8_function
increasing-grade-8,Increasing,8th,8.F.B.5,8.F.B.5,Functions,Functions,,"Describes a portion of a graph where the output rises as the input increases, reading from left to right. A positive slope indicates an increasing line.","As x goes right, y goes up.",Positive slope means increasing.,An increasing function's graph rises as you read left to right.,Line goes up to the right.,decreasing-grade-8; function-grade-8; initial-value-grade-8; input-grade-8,DONE (OCR from card),f8_increasing
initial-value-grade-8,Initial Value,8th,8.F.A.2,8.F.A.2,Functions,Functions,,"The output of a function when the input is zero, representing the starting amount. It equals the y-intercept of a linear function.","In f(x) = 10x + 20, the initial value is 20 (the cost before any months).","It's the same as the y-value when x = 0 in a table, or the y-intercept on a graph.","The initial value is the same as the y-intercept, b.","What you start with, before anything changes.",decreasing-grade-8; function-grade-8; increasing-grade-8; input-grade-8,DONE (OCR from card),f8_initialvalue
input-grade-8,Input,8th,8.F.A.1,8.F.A.1,Functions,Functions,,"The value supplied to a function, usually the x-value or independent variable. It is the number placed into the function rule.","In f(4), the 4 is the input.","In a table, the x-column holds the inputs.",The input is the value you choose and feed into the function.,What you put in — the x-value.,decreasing-grade-8; function-grade-8; increasing-grade-8; initial-value-grade-8,DONE (OCR from card),f8_input
linear-function-grade-8,Linear Function,8th,8.F.A.3,8.F.A.3,Functions,Functions,,A function whose graph is a straight line and whose rate of change is constant. It can be written in the form y equals m x plus b.,"Equal steps in x (+2, +2, +2) produce a straight line.",f(x) = mx + b is the standard form of a linear function.,A linear function has a constant slope and a straight-line graph.,"Straight line, steady rate of change.",decreasing-grade-8; function-grade-8; increasing-grade-8; initial-value-grade-8,DONE (OCR from card),f8_linearfunction
nonlinear-grade-8,Nonlinear,8th,8.F.B.5,8.F.B.5,Functions,Functions,,Describes a function whose graph is not a straight line and whose rate of change is not constant. The differences between successive outputs are unequal.,"Differences of +3, +5, +7 are unequal, showing a nonlinear pattern.",A curved graph is nonlinear.,Unequal differences in a table signal a nonlinear function.,"Curved graph, changing rate.",decreasing-grade-8; function-grade-8; increasing-grade-8; initial-value-grade-8,DONE (OCR from card),f8_nonlinear
output-grade-8,Output,8th,8.F.A.1,8.F.A.1,Functions,Functions,,"The result a function produces, usually the y-value or dependent variable. It is the number that comes out after applying the function rule.",f(4) = 9 means the output is 9.,"In a table, the y-column holds the outputs.",The output is the result after the function rule is applied.,What comes out — the y-value.,decreasing-grade-8; function-grade-8; increasing-grade-8; initial-value-grade-8,DONE (OCR from card),f8_output
rate-of-change-grade-8,Rate of Change,8th,8.F.A.2,8.F.A.2,Functions,Functions,,"How much the output quantity changes per unit change in the input, found as change in y divided by change in x. For a line it equals the slope.",A plant grows 3 cm per week — rate of change = 3 cm/week.,Rate of change = change in y ÷ change in x.,"For a linear function, rate of change is constant and equals the slope.",How much y changes for each step in x.,decreasing-grade-8; function-grade-8; increasing-grade-8; initial-value-grade-8,DONE (OCR from card),f8_rateofchange
relation-grade-8,Relation,8th,8.F.A.1,8.F.A.1,Functions,Functions,,Any set of ordered pairs linking inputs to outputs. A function is a relation in which each input has exactly one output.,"{(1,2),(2,4),(3,6)} is a relation.","Every function is a relation, but not every relation is a function.",A relation becomes a function only when each input has exactly one output.,Any pairing of inputs and outputs.,decreasing-grade-8; function-grade-8; increasing-grade-8; initial-value-grade-8,DONE (OCR from card),f8_relation
representation-grade-8,Representation,8th,8.F.A.2,8.F.A.2,Functions,Functions,,"A way of showing a function, such as a verbal description, an equation, a table, or a graph. Different representations of the same function are equivalent.",'Output is one more than twice the input' describes the same function as f(x) = 2x + 1.,A table and a graph can represent the exact same rule.,"You can translate between words, equations, tables, and graphs — they describe the same rule.","Same function, four different looks.",decreasing-grade-8; function-grade-8; increasing-grade-8; initial-value-grade-8,DONE (OCR from card),f8_representation
slope-grade-8,Slope,8th,8.EE.B.6,8.EE.B.6; 8.F.A.3; 8.SP.A.3,Functions,Expressions & Equations; Functions; Statistics & Probability,YES,"The constant rate of change of a linear function, equal to rise over run. It tells how much the output changes for each unit increase in the input.","In f(x) = 2x + 1, the slope is 2 — output rises 2 each time input rises 1.",Slope = rise ÷ run.,Slope is the constant rate of change for a linear function.,How steep the line is.,decreasing-grade-8; function-grade-8; increasing-grade-8; initial-value-grade-8,DONE (OCR from card),f8_slope; ee8_slope; sp8_slope
slope-formula-grade-8,Slope Formula,8th,8.F.B.4,8.F.B.4,Functions,Functions,,"A formula for finding the slope between two points, equal to the difference in y-values divided by the difference in x-values, taken in the same order.","Points (1,3) and (4,9): slope = (9-3)/(4-1) = 6/3 = 2.",Keep the order consistent — top and bottom must subtract in the same direction.,"Subtract the y-values and x-values in the same order, then divide.","Rise over run, from any two points.",decreasing-grade-8; function-grade-8; increasing-grade-8; initial-value-grade-8,DONE (OCR from card),f8_slopeformula
turning-point-grade-8,Turning Point,8th,8.F.B.5,8.F.B.5,Functions,Functions,,"A point where a graph changes direction, switching from increasing to decreasing or from decreasing to increasing. Straight lines have none.",A graph that goes up then down has a turning point at the top.,"Turning points appear in nonlinear graphs, not straight lines.",Linear graphs have no turning points — they go one direction forever.,Where the graph switches direction.,decreasing-grade-8; function-grade-8; increasing-grade-8; initial-value-grade-8,DONE (OCR from card),f8_turningpoint
x-intercept-grade-8,X-Intercept,8th,8.F.A.3,8.F.A.3,Functions,Functions,,"The point where a graph crosses the x-axis, where the y-value equals zero. Found by setting y to zero and solving for x.","For y = 2x - 6: set y=0, solve 0=2x-6, x=3. X-intercept is (3, 0).",The x-intercept always has a y-coordinate of 0.,Set y = 0 and solve for x to find the x-intercept.,Where the line crosses the x-axis.,decreasing-grade-8; function-grade-8; increasing-grade-8; initial-value-grade-8,DONE (OCR from card),f8_xintercept
y-intercept-grade-8,Y-Intercept,8th,8.EE.B.6,8.EE.B.6; 8.F.A.3; 8.SP.A.3,Functions,Expressions & Equations; Functions; Statistics & Probability,YES,"The point where a function's graph crosses the y-axis, equal to the output when the input is zero. In a linear function it is the initial value b.","In f(x) = 2x + 1, the y-intercept is 1, since f(0) = 1.",The y-intercept is the starting amount before any change.,Set x = 0 to find the y-intercept.,Where the line crosses the y-axis.,decreasing-grade-8; function-grade-8; increasing-grade-8; initial-value-grade-8,DONE (OCR from card),f8_yintercept; ee8_yintercept; sp8_yintercept
coefficient-grade-8,Coefficient,8th,8.EE.A.3,8.EE.A.3,Expressions & Equations,Expressions & Equations,,"In scientific notation, the decimal number multiplied by a power of ten. It must be greater than or equal to one and less than ten.",3.6 × 10⁵: 3.6 is a valid coefficient (between 1 and 10).,36 × 10⁴ is NOT valid — 36 is too big.,The coefficient must be at least 1 and less than 10.,"The front number, always between 1 and 10.",constant-of-proportionality-grade-8; constraint-grade-8; context-check-grade-8; cube-root-grade-8,DONE (OCR from card),ee8_coefficient
constant-of-proportionality-grade-8,Constant of Proportionality,8th,8.EE.B.5,8.EE.B.5,Expressions & Equations,Expressions & Equations,,The constant ratio k in a proportional relationship y equals k times x. It equals the unit rate and the slope of the graph.,"If 4 apples cost 12 dollars, k = 12/4 = 3 dollars per apple.","On the graph, the line rises 3 for every 1 across — k is the slope.","k is the unit rate, the slope, AND the value of y when x=1 — all the same number.","k = y/x, always.",coefficient-grade-8; constraint-grade-8; context-check-grade-8; cube-root-grade-8,DONE (OCR from card),ee8_constantofproportionality
constraint-grade-8,Constraint,8th,8.EE.C.8c,8.EE.C.8c,Expressions & Equations,Expressions & Equations,,"A condition or limit in a problem, such as a total number or total cost, that is translated into an equation. A system of equations encodes all the constraints.",'10 tickets sold' becomes the equation a + c = 10.,'Total of 68 dollars' becomes 8a + 5c = 68.,Each constraint in a word problem becomes one equation.,"A real-world limit, turned into an equation.",coefficient-grade-8; constant-of-proportionality-grade-8; context-check-grade-8; cube-root-grade-8,DONE (OCR from card),ee8_constraint
context-check-grade-8,Context Check,8th,8.EE.C.7b,8.EE.C.7b,Expressions & Equations,Expressions & Equations,,"Confirming that a solution is reasonable and valid within the real-world situation of the problem, such as being positive, a whole number, or a sensible size.",6 miles at a taxi rate checks out: 2(6)+3=15 dollars matches the given cost.,A solution of x = -4 buses fails the context check — you can't have negative buses.,"After solving, ask: is the answer positive, whole, and reasonable in size?",Does the answer make sense in real life?,coefficient-grade-8; constant-of-proportionality-grade-8; constraint-grade-8; cube-root-grade-8,DONE (OCR from card),ee8_contextcheck
cube-root-grade-8,Cube Root,8th,8.EE.A.2,8.EE.A.2,Expressions & Equations,Expressions & Equations,,"A value that, used three times as a factor, gives the original number. It is the inverse of cubing and equals the edge length of a cube with that volume.","Cube root of 64 = 4, since 4×4×4=64.",The cube root of a perfect cube is a whole number.,Cube root undoes cubing.,What number times itself three times gives this?,coefficient-grade-8; constant-of-proportionality-grade-8; constraint-grade-8; context-check-grade-8,DONE (OCR from card),ee8_cuberoot
define-the-variable-grade-8,Define the Variable,8th,8.EE.C.7b,8.EE.C.7b,Expressions & Equations,Expressions & Equations,,"Clearly state what an unknown letter represents, including its units, before writing an equation. This is the first step in solving a word problem.",Let x = the number of miles.,'Let x = the taxi' is vague; 'let x = number of miles' is clear.,Always write 'Let x = ...' with units.,Say exactly what the letter stands for.,coefficient-grade-8; constant-of-proportionality-grade-8; constraint-grade-8; context-check-grade-8,DONE (OCR from card),ee8_definethevariable
define-variables-grade-8,Define Variables,8th,8.EE.C.8c,8.EE.C.8c,Expressions & Equations,Expressions & Equations,,"Assigning a distinct letter to each unknown quantity, with units, before setting up the equations of a system from a word problem.","a = number of adult tickets, c = number of child tickets.",Then write one equation per condition: a+c=10 and 8a+5c=68.,Name each unknown with its own letter and units before writing equations.,One letter for each unknown.,coefficient-grade-8; constant-of-proportionality-grade-8; constraint-grade-8; context-check-grade-8,DONE (OCR from card),ee8_definevariables
distributive-property-grade-8,Distributive Property,8th,8.EE.C.7b,8.EE.C.7b,Expressions & Equations,Expressions & Equations,,Multiplying a factor by a sum or difference inside parentheses by multiplying it by each term separately. a times the quantity b plus c equals ab plus ac.,3(x + 5) = 3x + 15.,4(2x - 3) = 8x - 12.,Distribute the outside factor to every term inside — don't forget the second term.,Multiply the outside number by everyone inside.,coefficient-grade-8; constant-of-proportionality-grade-8; constraint-grade-8; context-check-grade-8,DONE (OCR from card),ee8_distributiveproperty
elimination-grade-8,Elimination,8th,8.EE.C.8b,8.EE.C.8b,Expressions & Equations,Expressions & Equations,,"A method for solving a system by adding or subtracting the equations to cancel one variable, leaving a single-variable equation to solve.","3x+y=10 and 2x-y=5: adding cancels y, giving 5x=15, x=3.","If needed, multiply an equation first to create opposite coefficients.",Line up the equations and add or subtract so one variable cancels.,Add or subtract to cancel a variable.,coefficient-grade-8; constant-of-proportionality-grade-8; constraint-grade-8; context-check-grade-8,DONE (OCR from card),ee8_elimination
equation-grade-8,Equation,8th,8.EE.C.7b,8.EE.C.7b,Expressions & Equations,Expressions & Equations,,"A mathematical statement that two expressions are equal, shown with an equals sign. The goal is usually to find the value of the variable that makes it true.",2x + 3 = 11 is an equation.,"2x + 3 (no equals sign) is only an expression, not an equation.","Whatever you do to one side, you must do to the other to keep it balanced.","Two expressions, balanced by an equals sign.",coefficient-grade-8; constant-of-proportionality-grade-8; constraint-grade-8; context-check-grade-8,DONE (OCR from card),ee8_equation
identity-grade-8,Identity,8th,8.EE.C.7a,8.EE.C.7a,Expressions & Equations,Expressions & Equations,,An equation that holds true for all values of the variable because both sides are equivalent expressions. It has infinitely many solutions.,3(x+2) = 3x+6 simplifies to 3x+6 = 3x+6 — true for every x.,Try x=0: 6=6. Try x=5: 21=21. Always true.,An identity simplifies to the same expression on both sides.,True no matter what x is.,coefficient-grade-8; constant-of-proportionality-grade-8; constraint-grade-8; context-check-grade-8,DONE (OCR from card),ee8_identity
infinitely-many-grade-8,Infinitely Many,8th,8.EE.C.7a,8.EE.C.7a,Expressions & Equations,Expressions & Equations,,Occurs when solving an equation eliminates the variable and leaves a true statement. Every value of the variable works; both sides are the same line.,2(x+3) = 2x+6 simplifies to 6=6 — always true.,"Graphically, both equations are the same line.",A true statement with no variable left means infinitely many solutions.,"Variable disappears, statement is true — infinite solutions.",coefficient-grade-8; constant-of-proportionality-grade-8; constraint-grade-8; context-check-grade-8,DONE (OCR from card),ee8_infinitelymany
integer-exponent-grade-8,Integer Exponent,8th,8.EE.A.1,8.EE.A.1,Expressions & Equations,Expressions & Equations,,"An exponent that is a whole number, which may be positive, zero, or negative. Positive means repeated multiplication, zero gives one, and negative gives a reciprocal.","2³=8, 2⁰=1, 2⁻³=1/8.","As the exponent decreases by 1, the value is divided by the base.",The pattern of dividing by the base is continuous through zero and into negatives.,"Positive, zero, or negative — the pattern keeps going.",coefficient-grade-8; constant-of-proportionality-grade-8; constraint-grade-8; context-check-grade-8,DONE (OCR from card),ee8_integerexponent
interpret-grade-8,Interpret,8th,8.EE.C.8c,8.EE.C.8c,Expressions & Equations,Expressions & Equations,,"To translate the numerical solution of a system back into a meaningful statement about the original real-world situation, including units.","a=6, c=4 interprets to '6 adult tickets and 4 child tickets were sold.'",Don't stop at the numbers — turn them into a sentence about the real problem.,Always interpret the solution with correct units and context.,Turn the numbers back into a real-world sentence.,coefficient-grade-8; constant-of-proportionality-grade-8; constraint-grade-8; context-check-grade-8,DONE (OCR from card),ee8_interpret
inverse-operation-grade-8,Inverse Operation,8th,8.EE.C.7b,8.EE.C.7b,Expressions & Equations,Expressions & Equations,,"The operation that reverses another, such as subtraction undoing addition or division undoing multiplication. Used to isolate the variable when solving equations.","For 2x+3=11: subtract 3 (inverse of +3), then divide by 2 (inverse of ×2).","Undo operations in reverse order — addition/subtraction first, then multiplication/division.",Apply the same inverse operation to both sides to keep the equation balanced.,Undo each operation with its opposite.,coefficient-grade-8; constant-of-proportionality-grade-8; constraint-grade-8; context-check-grade-8,DONE (OCR from card),ee8_inverseoperation
isolate-grade-8,Isolate,8th,8.EE.C.8b,8.EE.C.8b,Expressions & Equations,Expressions & Equations,,To get a variable by itself on one side of an equation using inverse operations. This is the goal when solving and the first step in substitution.,"3x+6=15: subtract 6 to get 3x=9, divide by 3 to get x=3.",Solve x+y=7 for y: y = 7-x.,Use inverse operations to move every other term away from the variable.,Get the variable alone on one side.,coefficient-grade-8; constant-of-proportionality-grade-8; constraint-grade-8; context-check-grade-8,DONE (OCR from card),ee8_isolate
lcd-grade-8,LCD,8th,8.EE.C.7b,8.EE.C.7b,Expressions & Equations,Expressions & Equations,,"The least common denominator, the smallest multiple shared by all denominators. Multiplying every term of an equation by the LCD clears the fractions.","Denominators 2, 3, 6 have LCD = 6.","Multiply every term by the LCD, including whole numbers.","Multiply every term, not just the fractions.",Clear the fractions by multiplying by the LCD.,coefficient-grade-8; constant-of-proportionality-grade-8; constraint-grade-8; context-check-grade-8,DONE (OCR from card),ee8_lcd
like-base-grade-8,Like Base,8th,8.EE.A.1,8.EE.A.1,Expressions & Equations,Expressions & Equations,,The same base appearing in two or more powers. Exponent rules such as adding or subtracting exponents only apply when the bases are identical.,5³ · 5² = 5⁵ works because the bases match.,2³ · 5⁴ stays as it is — different bases don't combine.,Exponent rules only work when the bases match.,Same base — then the exponent rules apply.,coefficient-grade-8; constant-of-proportionality-grade-8; constraint-grade-8; context-check-grade-8,DONE (OCR from card),ee8_likebase
like-terms-grade-8,Like Terms,8th,8.EE.C.7b,8.EE.C.7b,Expressions & Equations,Expressions & Equations,,Terms that have the same variable raised to the same exponent. They can be combined by adding or subtracting their coefficients.,3x + 2x = 5x (like terms).,3x and 3x² are unlike terms — different exponents.,Only combine like terms — the variable part must match exactly.,"Same variable, same exponent — combine them.",coefficient-grade-8; constant-of-proportionality-grade-8; constraint-grade-8; context-check-grade-8,DONE (OCR from card),ee8_liketerms
matching-exponents-grade-8,Matching Exponents,8th,8.EE.A.4,8.EE.A.4,Expressions & Equations,Expressions & Equations,,"Adjusting numbers in scientific notation so their powers of ten are equal, which is required before adding or subtracting them.","4.2×10⁵ + 3.0×10⁴: rewrite 3.0×10⁴ as 0.3×10⁵, then add: 4.5×10⁵.",Multiplying and dividing do NOT need matching exponents — only adding and subtracting do.,"Make the exponents match first, then add or subtract the coefficients.",Match the powers of ten before adding.,coefficient-grade-8; constant-of-proportionality-grade-8; constraint-grade-8; context-check-grade-8,DONE (OCR from card),ee8_matchingexponents
negative-exponent-grade-8,Negative Exponent,8th,8.EE.A.1,8.EE.A.1,Expressions & Equations,Expressions & Equations,,"A base raised to a negative power equals one over the base raised to the positive power. It indicates a reciprocal, not a negative value.","2⁻³ = 1/8, NOT -8.",A negative exponent moves the power to the denominator.,A negative exponent does not make the number negative — it signals a reciprocal.,"Flip to the reciprocal, make the exponent positive.",coefficient-grade-8; constant-of-proportionality-grade-8; constraint-grade-8; context-check-grade-8,DONE (OCR from card),ee8_negativeexponent
no-solution-grade-8,No Solution,8th,8.EE.C.7a,8.EE.C.7a,Expressions & Equations,Expressions & Equations,,"Occurs when solving an equation eliminates the variable and leaves a false statement. The two sides can never be equal, shown graphically by parallel lines.",2x+5=2x+3 simplifies to 5=3 — false.,"Graphically, the two lines are parallel and never intersect.",A false statement with no variable left means no solution.,"Variable disappears, statement is false — no solution.",coefficient-grade-8; constant-of-proportionality-grade-8; constraint-grade-8; context-check-grade-8,DONE (OCR from card),ee8_nosolution
origin-grade-8,Origin,8th,8.EE.B.5,8.EE.B.5,Expressions & Equations,Expressions & Equations,,"The point where the x-axis and y-axis intersect on a coordinate plane, with coordinates zero, zero. Proportional relationships always pass through the origin.","Every proportional graph passes through (0,0).","Buy 0 items, pay 0 dollars — that's the origin in context.",Proportional relationships always pass through the origin; non-proportional ones don't.,"Where the axes cross — (0,0).",coefficient-grade-8; constant-of-proportionality-grade-8; constraint-grade-8; context-check-grade-8,DONE (OCR from card),ee8_origin
parallel-lines-grade-8,Parallel Lines,8th,8.EE.C.8a,8.EE.C.8a,Expressions & Equations,Expressions & Equations,,Lines in the same plane with equal slopes that never intersect. A system made of parallel lines has no solution.,y=2x+1 and y=2x+4 have the same slope (2) but different y-intercepts.,"If solving the system gives a false statement, the lines are parallel.",Parallel lines have the same slope but different y-intercepts.,"Same slope, different starting point, never meet.",coefficient-grade-8; constant-of-proportionality-grade-8; constraint-grade-8; context-check-grade-8,DONE (OCR from card),ee8_parallellines
perfect-cube-grade-8,Perfect Cube,8th,8.EE.A.2,8.EE.A.2,Expressions & Equations,Expressions & Equations,,A number that is the product of an integer used three times as a factor. Its cube root is a whole number.,27 is a perfect cube because 3×3×3=27.,"1, 8, 27, 64, 125 are all perfect cubes.",The cube root of a perfect cube is always a whole number.,"An integer, cubed.",coefficient-grade-8; constant-of-proportionality-grade-8; constraint-grade-8; context-check-grade-8,DONE (OCR from card),ee8_perfectcube
power-of-10-grade-8,Power of 10,8th,8.EE.A.3,8.EE.A.3,Expressions & Equations,Expressions & Equations,,Ten raised to an exponent. A positive exponent gives a large number and shifts the decimal right; a negative exponent gives a small number and shifts the decimal left.,"3.6 × 10⁵ = 360,000 (decimal moves 5 places right).",3.6 × 10⁻⁴ = 0.00036 (decimal moves 4 places left).,"The exponent tells how many places, and which direction, the decimal moves.",Tells how many places the decimal moves.,coefficient-grade-8; constant-of-proportionality-grade-8; constraint-grade-8; context-check-grade-8,DONE (OCR from card),ee8_powerof10
power-of-a-power-grade-8,Power of a Power,8th,8.EE.A.1,8.EE.A.1,Expressions & Equations,Expressions & Equations,,"When raising a power to another power, keep the base and multiply the exponents. The quantity x to the a, raised to the b, equals x to the a times b.",(x³)⁴ = x^(3×4) = x¹².,"Add exponents for the product rule, but multiply for power of a power.",Multiply the exponents when raising a power to another power.,"Keep the base, multiply the exponents.",coefficient-grade-8; constant-of-proportionality-grade-8; constraint-grade-8; context-check-grade-8,DONE (OCR from card),ee8_powerofapower
product-rule-grade-8,Product Rule,8th,8.EE.A.1,8.EE.A.1,Expressions & Equations,Expressions & Equations,,"When multiplying powers with the same base, keep the base and add the exponents. x to the a times x to the b equals x to the a plus b.",x³ · x⁴ = x⁷.,Only works with the same base — x² · y⁴ does NOT combine.,Add the exponents when multiplying powers with the same base.,"Same base, multiplying — add the exponents.",coefficient-grade-8; constant-of-proportionality-grade-8; constraint-grade-8; context-check-grade-8,DONE (OCR from card),ee8_productrule
proportional-relationship-grade-8,Proportional Relationship,8th,8.EE.B.5,8.EE.B.5,Expressions & Equations,Expressions & Equations,,"A relationship between two quantities with a constant ratio, written y equals k times x. Its graph is a straight line through the origin.","3/1 = 6/2 = 9/3 = 3, so y is always 3 times x.",Test: does y divided by x give the same number every time?,A proportional relationship's graph is always a straight line through the origin.,"Same ratio every time, line through the origin.",coefficient-grade-8; constant-of-proportionality-grade-8; constraint-grade-8; context-check-grade-8,DONE (OCR from card),ee8_proportionalrelationship
quotient-rule-grade-8,Quotient Rule,8th,8.EE.A.1,8.EE.A.1,Expressions & Equations,Expressions & Equations,,"When dividing powers with the same base, keep the base and subtract the exponents. x to the a divided by x to the b equals x to the a minus b.",x⁷ ÷ x³ = x⁴.,Order matters — it's the top exponent minus the bottom exponent.,Subtract the exponents (top minus bottom) when dividing powers with the same base.,"Same base, dividing — subtract the exponents.",coefficient-grade-8; constant-of-proportionality-grade-8; constraint-grade-8; context-check-grade-8,DONE (OCR from card),ee8_quotientrule
reciprocal-grade-8,Reciprocal,8th,8.EE.C.7b,8.EE.C.7b,Expressions & Equations,Expressions & Equations,,"The multiplicative inverse of a number, formed by flipping a fraction. A number times its reciprocal equals one.",(2/3) × (3/2) = 1.,"To solve (2/3)x = 8, multiply both sides by the reciprocal 3/2 to get x = 12.","To undo multiplying by a fraction, multiply by its reciprocal.",Flip the fraction to undo multiplication.,coefficient-grade-8; constant-of-proportionality-grade-8; constraint-grade-8; context-check-grade-8,DONE (OCR from card),ee8_reciprocal
renormalize-grade-8,Renormalize,8th,8.EE.A.4,8.EE.A.4,Expressions & Equations,Expressions & Equations,,"To rewrite a number so the coefficient is between 1 and 10, adjusting the power of ten accordingly. Needed after multiplying or adding in scientific notation.",42 × 10⁵ renormalizes to 4.2 × 10⁶.,0.6 × 10⁵ renormalizes to 6 × 10⁴.,"If the coefficient is 10 or more, move the decimal left and add to the exponent; if less than 1, move right and subtract.",Adjust the coefficient back between 1 and 10.,coefficient-grade-8; constant-of-proportionality-grade-8; constraint-grade-8; context-check-grade-8,DONE (OCR from card),ee8_renormalize
rise-over-run-grade-8,Rise Over Run,8th,8.EE.B.6,8.EE.B.6,Expressions & Equations,Expressions & Equations,,"A method for finding slope by counting the vertical change (rise) and horizontal change (run) between two points on a line, then dividing rise by run.","Rise 3, run 4 gives a slope of 3/4.","Count the rise first (up/down), then the run (always to the right).",Slope = rise ÷ run.,"Count up, then count over.",coefficient-grade-8; constant-of-proportionality-grade-8; constraint-grade-8; context-check-grade-8,DONE (OCR from card),ee8_riserun
scientific-notation-grade-8,Scientific Notation,8th,8.EE.A.3,8.EE.A.3,Expressions & Equations,Expressions & Equations,,A way to write very large or very small numbers as a coefficient between 1 and 10 multiplied by a power of ten.,"Speed of light: 300,000,000 m/s = 3 × 10⁸ m/s.",A red blood cell: 0.000007 m = 7 × 10⁻⁶ m.,Positive exponent means a large number; negative exponent means a small number.,"Big or small numbers, written compactly.",coefficient-grade-8; constant-of-proportionality-grade-8; constraint-grade-8; context-check-grade-8,DONE (OCR from card),ee8_scientificnotation
slope-intercept-form-grade-8,Slope-Intercept Form,8th,8.EE.B.6,8.EE.B.6,Expressions & Equations,Expressions & Equations,,"A linear equation written as y equals m x plus b, where m is the slope and b is the y-intercept. It makes graphing a line quick and direct.","y = 2x + 3: slope 2, y-intercept 3.","Start at b on the y-axis, then use the slope to step to the next point.","Start at the y-intercept, then use the slope to graph the line.",y = mx + b — slope and starting point in one equation.,coefficient-grade-8; constant-of-proportionality-grade-8; constraint-grade-8; context-check-grade-8,DONE (OCR from card),ee8_slopeinterceptform
solution-grade-8,Solution,8th,8.EE.C.7b,8.EE.C.7b,Expressions & Equations,Expressions & Equations,,A value of the variable that makes an equation true. It can be verified by substituting it back into the original equation and checking that both sides are equal.,"For 2x+3=11, x=4 checks out: 2(4)+3=11.",x=5 does NOT work: 2(5)+3=13≠11.,Always check a solution by substituting it back into the original equation.,The value that makes both sides equal.,coefficient-grade-8; constant-of-proportionality-grade-8; constraint-grade-8; context-check-grade-8,DONE (OCR from card),ee8_solution
solution-of-a-system-grade-8,Solution of a System,8th,8.EE.C.8a,8.EE.C.8a,Expressions & Equations,Expressions & Equations,,"The ordered pair of values that makes every equation in the system true at the same time, shown as the intersection point of the graphs.","(1,3) solves both y=2x+1 and y=-x+4.",Substitute the point into all equations to verify.,The solution must satisfy every equation in the system.,The one point that works in every equation.,coefficient-grade-8; constant-of-proportionality-grade-8; constraint-grade-8; context-check-grade-8,DONE (OCR from card),ee8_solutionofasystem
square-root-grade-8,Square Root,8th,8.EE.A.2,8.EE.A.2; 8.G.B.7,Expressions & Equations,Expressions & Equations; Geometry,YES,"A value that, multiplied by itself, gives the original number. It is the inverse of squaring and equals the side length of a square with that area.","√49 = 7, since 7×7=49.",The square root of a perfect square is a whole number; other square roots are irrational.,Square root undoes squaring.,What number times itself gives this?,coefficient-grade-8; constant-of-proportionality-grade-8; constraint-grade-8; context-check-grade-8,DONE (OCR from card),ee8_squareroot; g8_squareroot
standard-form-grade-8,Standard Form,8th,8.EE.A.3,8.EE.A.3,Expressions & Equations,Expressions & Equations,,"A number written out in full with all of its digits and place values, as opposed to scientific notation. Also called ordinary or expanded numeric form.","3.6 × 10⁵ in standard form is 360,000.",7.2 × 10⁻³ in standard form is 0.0072.,A positive exponent moves the decimal right (bigger); a negative exponent moves it left (smaller).,"Every digit written out, no powers of ten.",coefficient-grade-8; constant-of-proportionality-grade-8; constraint-grade-8; context-check-grade-8,DONE (OCR from card),ee8_standardform
substitution-grade-8,Substitution,8th,8.EE.C.8b,8.EE.C.8b,Expressions & Equations,Expressions & Equations,,"A method for solving a system by replacing one variable with an equivalent expression from another equation, reducing it to a single-variable equation.","y=2x and x+y=9: substitute to get x+2x=9, so x=3, y=6.",Best when a variable is already alone in one equation.,"Solve one equation for a variable, then substitute it into the other equation.",Swap one variable for its equivalent expression.,coefficient-grade-8; constant-of-proportionality-grade-8; constraint-grade-8; context-check-grade-8,DONE (OCR from card),ee8_substitution
system-of-equations-grade-8,System of Equations,8th,8.EE.C.8a,8.EE.C.8a,Expressions & Equations,Expressions & Equations,,"A set of two or more equations with the same variables, solved together. The solution is the point that satisfies all equations at once.",The solution is where the graphs of both equations cross.,"Solve by graphing, substitution, or elimination — all give the same intersection point.",The solution to a system is the point that makes every equation true.,"Two or more equations, one shared solution.",coefficient-grade-8; constant-of-proportionality-grade-8; constraint-grade-8; context-check-grade-8,DONE (OCR from card),ee8_systemofequations
unit-rate-grade-8,Unit Rate,8th,8.EE.B.5,8.EE.B.5,Expressions & Equations,Expressions & Equations,,"A rate that compares a quantity to one unit of another, found by making the denominator equal to one. It equals the slope of a proportional graph.",12 dollars for 4 pounds = 3 dollars per pound.,180 miles in 3 hours = 60 miles per hour.,"On a proportional graph, the unit rate is the slope.",The amount for exactly one unit.,coefficient-grade-8; constant-of-proportionality-grade-8; constraint-grade-8; context-check-grade-8,DONE (OCR from card),ee8_unitrate
zero-exponent-grade-8,Zero Exponent,8th,8.EE.A.1,8.EE.A.1,Expressions & Equations,Expressions & Equations,,Any nonzero base raised to the power of zero equals one. This follows from the pattern of dividing by the base and from the quotient rule.,"5⁰=1, 100⁰=1, x⁰=1 (for x≠0).",Exception: 0⁰ is undefined.,Anything (except 0) to the zero power equals 1.,Any nonzero base to the zero power is 1.,coefficient-grade-8; constant-of-proportionality-grade-8; constraint-grade-8; context-check-grade-8,DONE (OCR from card),ee8_zeroexponent
acute-obtuse-grade-8,Acute / Obtuse,8th,8.G.B.6,8.G.B.6,Geometry,Geometry,,"A triangle is classified by comparing the sum of the squares of the two shorter sides to the square of the longest side. Greater means acute, less means obtuse, equal means right.","Sides 4,5,6: 16+25=41 > 36 — acute.","If a²+b² = c², the triangle is right.","Plug the longest side in as c, then compare a²+b² to c².",Compare the squares to classify the triangle.,alternate-interior-angles-grade-8; angle-of-rotation-grade-8; axis-of-reflection-grade-8; clockwise-counterclockwise-grade-8,DONE (OCR from card),g8_acuteobtuse
alternate-interior-angles-grade-8,Alternate Interior Angles,8th,8.G.A.5,8.G.A.5,Geometry,Geometry,,"A pair of angles between two lines and on opposite sides of a transversal. When the lines are parallel, these angles are equal.","If one alternate interior angle is 65°, the other is also 65°.",They form a Z-pattern between parallel lines.,"With parallel lines, alternate interior angles are always equal.","Inside the lines, opposite sides, equal angles.",acute-obtuse-grade-8; angle-of-rotation-grade-8; axis-of-reflection-grade-8; clockwise-counterclockwise-grade-8,DONE (OCR from card),g8_alternateinterior
angle-of-rotation-grade-8,Angle of Rotation,8th,8.G.A.3,8.G.A.3,Geometry,Geometry,,"The number of degrees a figure is turned about the center of rotation. Common angles include 90, 180, and 270 degrees.","A 180-degree rotation about the origin sends (x,y) to (-x,-y).",Counterclockwise is positive; clockwise is negative.,The angle of rotation tells how far the figure turns.,How many degrees it spins.,acute-obtuse-grade-8; alternate-interior-angles-grade-8; axis-of-reflection-grade-8; clockwise-counterclockwise-grade-8,DONE (OCR from card),g8_angleofrotation
axis-of-reflection-grade-8,Axis of Reflection,8th,8.G.A.2,8.G.A.2,Geometry,Geometry,,"The line over which a figure is reflected, acting as a mirror. Each point and its image are equidistant from this line on opposite sides.","Reflecting over the x-axis: (x,y) → (x,-y).","Reflecting over the y-axis: (x,y) → (-x,y).","Every point and its image are the same distance from the axis, on opposite sides.",The mirror line the figure flips across.,acute-obtuse-grade-8; alternate-interior-angles-grade-8; angle-of-rotation-grade-8; clockwise-counterclockwise-grade-8,DONE (OCR from card),g8_axisofreflection
clockwise-counterclockwise-grade-8,Clockwise & Counterclockwise,8th,8.G.A.3,8.G.A.3,Geometry,Geometry,,"The two directions of rotation. Counterclockwise is taken as the positive direction, opposite to the motion of clock hands.","Unless told otherwise, rotations are counterclockwise (CCW).",A 90° CW turn equals a 270° CCW turn.,Counterclockwise is positive; clockwise is negative.,Two directions a figure can spin.,acute-obtuse-grade-8; alternate-interior-angles-grade-8; angle-of-rotation-grade-8; axis-of-reflection-grade-8,DONE (OCR from card),g8_ccwcw
center-of-dilation-grade-8,Center of Dilation,8th,8.G.A.4,8.G.A.4,Geometry,Geometry,,"The fixed point from which a figure is enlarged or reduced. Each point moves along a ray from this center, scaled by the scale factor.","If the center is the origin, multiply each coordinate by the scale factor.",Distance to the image = scale factor × distance to the preimage.,Every point moves along a ray from the center of dilation.,The fixed point the figure scales from.,acute-obtuse-grade-8; alternate-interior-angles-grade-8; angle-of-rotation-grade-8; axis-of-reflection-grade-8,DONE (OCR from card),g8_centerofdilation
center-of-rotation-grade-8,Center of Rotation,8th,8.G.A.3,8.G.A.3,Geometry,Geometry,,The fixed point about which a figure is turned. Every point of the figure maintains its distance from this center during the rotation.,"The center of rotation can be the origin, a vertex, or any other point.",Every point of the figure stays the same distance from the center while turning.,The center of rotation is the one point that does not move.,The fixed point everything turns around.,acute-obtuse-grade-8; alternate-interior-angles-grade-8; angle-of-rotation-grade-8; axis-of-reflection-grade-8,DONE (OCR from card),g8_centerofrotation
co-interior-angles-grade-8,Co-Interior Angles,8th,8.G.A.5,8.G.A.5,Geometry,Geometry,,"A pair of angles between two lines and on the same side of a transversal. When the lines are parallel, these angles are supplementary, summing to 180 degrees.","If one co-interior angle is 110°, the other is 70° (110+70=180).",Also called same-side interior angles.,Co-interior angles are supplementary — they add to 180°.,"Same side, inside the lines, add to 180°.",acute-obtuse-grade-8; alternate-interior-angles-grade-8; angle-of-rotation-grade-8; axis-of-reflection-grade-8,DONE (OCR from card),g8_cointerior
composition-grade-8,Composition,8th,8.G.A.2,8.G.A.2,Geometry,Geometry,,A sequence of two or more transformations applied one after another. The final image is labeled with double-prime marks.,"Translate, then reflect: ABC → A'B'C' → A''B''C''.",A composition of rigid motions is still a rigid motion — the image stays congruent.,Each transformation in the sequence adds a prime mark to the label.,"One transformation, then another.",acute-obtuse-grade-8; alternate-interior-angles-grade-8; angle-of-rotation-grade-8; axis-of-reflection-grade-8,DONE (OCR from card),g8_composition
cone-grade-8,Cone,8th,8.G.C.9,8.G.C.9,Geometry,Geometry,,A three-dimensional solid with a circular base narrowing to a single point. Its volume is one-third times pi times the radius squared times the height.,V = (1/3)πr²h.,A cone's volume is exactly one-third of a cylinder with the same base and height.,Cone volume is one-third of the matching cylinder's volume.,One-third of a cylinder's volume.,acute-obtuse-grade-8; alternate-interior-angles-grade-8; angle-of-rotation-grade-8; axis-of-reflection-grade-8,DONE (OCR from card),g8_cone
congruent-grade-8,Congruent,8th,8.G.A.2,8.G.A.2,Geometry,Geometry,,"Having exactly the same size and shape. Two figures are congruent if a sequence of rigid motions maps one onto the other, making all corresponding parts equal.","If △ABC ≅ △DEF, then AB=DE, BC=EF, CA=FD.","Congruent means same size AND same shape; similar means same shape, possibly different size.","A rigid motion (slide, flip, turn) maps congruent figures exactly onto each other.","Same size, same shape, exactly.",acute-obtuse-grade-8; alternate-interior-angles-grade-8; angle-of-rotation-grade-8; axis-of-reflection-grade-8,DONE (OCR from card),g8_congruent
converse-grade-8,Converse,8th,8.G.B.6,8.G.B.6,Geometry,Geometry,,"If the sum of the squares of two sides equals the square of the third, then the triangle is a right triangle.","Sides 6,8,10: 36+64=100=10² — right triangle.","Sides 4,5,7: 16+25=41≠49 — NOT a right triangle.",Use the converse to check if a triangle is right by testing a²+b²=c².,Check the equation to prove it's a right triangle.,acute-obtuse-grade-8; alternate-interior-angles-grade-8; angle-of-rotation-grade-8; axis-of-reflection-grade-8,DONE (OCR from card),g8_converse
coordinates-grade-8,Coordinates,8th,8.G.B.8,8.G.B.8,Geometry,Geometry,,"An ordered pair of numbers that specifies a point's position on the plane. The first value is the horizontal x-coordinate, the second is the vertical y-coordinate.","(4, 3) is not the same as (3, 4) — order matters.","Always x, then y.",The coordinates give a point's exact address on the plane.,"x first, y second — a point's address.",acute-obtuse-grade-8; alternate-interior-angles-grade-8; angle-of-rotation-grade-8; axis-of-reflection-grade-8,DONE (OCR from card),g8_coordinates
corresponding-grade-8,Corresponding,8th,8.G.A.5,8.G.A.5,Geometry,Geometry,,"Angles in matching positions where a transversal crosses two lines. When the lines are parallel, corresponding angles are equal.","If one corresponding angle is 110°, the other is also 110°.","They sit in the same position at each crossing, like top-right and top-right.",Parallel lines make corresponding angles equal.,"Same position, each intersection, equal angles.",acute-obtuse-grade-8; alternate-interior-angles-grade-8; angle-of-rotation-grade-8; axis-of-reflection-grade-8,DONE (OCR from card),g8_corresponding
cylinder-grade-8,Cylinder,8th,8.G.C.9,8.G.C.9,Geometry,Geometry,,A three-dimensional solid with two parallel circular bases connected by a curved surface. Its volume equals pi times the radius squared times the height.,V = π(3)²(5) = 45π ≈ 141.4 cubic units.,Volume = area of the circular base times height.,Cylinder volume is the circular base area times the height.,"Circle base, straight up, times height.",acute-obtuse-grade-8; alternate-interior-angles-grade-8; angle-of-rotation-grade-8; axis-of-reflection-grade-8,DONE (OCR from card),g8_cylinder
dilation-grade-8,Dilation,8th,8.G.A.4,8.G.A.4,Geometry,Geometry,,"A transformation that resizes a figure by a scale factor from a center point. The image is similar to the original, with the same shape but a different size.","From the origin with scale factor 2: (x,y) → (2x, 2y).",Scale factor greater than 1 enlarges; between 0 and 1 shrinks.,"Dilation is NOT rigid — the size changes, but the shape stays similar.",Resize from a center point.,acute-obtuse-grade-8; alternate-interior-angles-grade-8; angle-of-rotation-grade-8; axis-of-reflection-grade-8,DONE (OCR from card),g8_dilation
distance-grade-8,Distance,8th,8.G.B.8,8.G.B.8,Geometry,Geometry,,"The straight-line length between two points on a coordinate plane, found by applying the Pythagorean theorem to the horizontal and vertical changes.","From (0,0) to (4,5) with legs 4 and... wait: distance = √(3²+4²) = √25 = 5.",Make a right triangle from the horizontal and vertical changes; the distance is the hypotenuse.,Use the Pythagorean theorem on the horizontal and vertical legs.,"Make a right triangle, then find the hypotenuse.",acute-obtuse-grade-8; alternate-interior-angles-grade-8; angle-of-rotation-grade-8; axis-of-reflection-grade-8,DONE (OCR from card),g8_distance
double-prime-grade-8,Double Prime,8th,8.G.A.2,8.G.A.2,Geometry,Geometry,,"Notation using two prime marks to label a figure's vertices after a second transformation, as in A double prime. It shows the image of an image.",A → A' (after first transformation) → A'' (after second).,Original has no mark; one transformation gets one prime; two get double prime.,Each transformation adds one more prime mark.,"Two transformations, two prime marks.",acute-obtuse-grade-8; alternate-interior-angles-grade-8; angle-of-rotation-grade-8; axis-of-reflection-grade-8,DONE (OCR from card),g8_doubleprime
hypotenuse-grade-8,Hypotenuse,8th,8.G.B.6,8.G.B.6,Geometry,Geometry,,"The longest side of a right triangle, located opposite the right angle. In the Pythagorean theorem it is the side labeled c.","In a²+b²=c², the hypotenuse is always c.",It's always the side directly across from the 90° angle.,The hypotenuse is always the longest side and always opposite the right angle.,"The longest side, across from the right angle.",acute-obtuse-grade-8; alternate-interior-angles-grade-8; angle-of-rotation-grade-8; axis-of-reflection-grade-8,DONE (OCR from card),g8_hypotenuse
image-grade-8,Image,8th,8.G.A.1,8.G.A.1,Geometry,Geometry,,"The resulting figure after a transformation is applied to the preimage. Its vertices are labeled with primed letters such as A prime, B prime, C prime.","After transforming ABC, the result is A', B', C'.",Read A' as 'A prime'.,The image is the output figure — what you get after transforming.,What you get after transforming.,acute-obtuse-grade-8; alternate-interior-angles-grade-8; angle-of-rotation-grade-8; axis-of-reflection-grade-8,DONE (OCR from card),g8_image
leg-grade-8,Leg,8th,8.G.B.7,8.G.B.7,Geometry,Geometry,,Either of the two sides of a right triangle that form the right angle. The legs are labeled a and b in the Pythagorean theorem.,"In a²+b²=c², a and b are the legs.","To find a leg, rearrange: a² = c² - b².",The legs are the two shorter sides that meet at the right angle.,One of the two sides forming the right angle.,acute-obtuse-grade-8; alternate-interior-angles-grade-8; angle-of-rotation-grade-8; axis-of-reflection-grade-8,DONE (OCR from card),g8_leg
legs-grade-8,Legs,8th,8.G.B.8,8.G.B.8,Geometry,Geometry,,"The two perpendicular sides of a right triangle. When finding distance on a coordinate plane, the legs are the horizontal and vertical changes between the points.","Horizontal leg = 6, vertical leg = 8 → distance = √(6²+8²) = 10.",The legs form the right angle; the distance is the hypotenuse.,"On a coordinate plane, the legs are the change in x and the change in y.","Horizontal and vertical changes, forming the right angle.",acute-obtuse-grade-8; alternate-interior-angles-grade-8; angle-of-rotation-grade-8; axis-of-reflection-grade-8,DONE (OCR from card),g8_legs
preimage-grade-8,Preimage,8th,8.G.A.1,8.G.A.1,Geometry,Geometry,,"The original figure before a transformation is applied. Its vertices are labeled with plain letters, while the transformed image uses primed letters.",ABC is the preimage; A'B'C' is the image.,Pre- means 'before' — the preimage comes first.,"The preimage is the input figure — the original, before any transformation.","The original, before anything happens to it.",acute-obtuse-grade-8; alternate-interior-angles-grade-8; angle-of-rotation-grade-8; axis-of-reflection-grade-8,DONE (OCR from card),g8_preimage
pythagorean-theorem-grade-8,Pythagorean Theorem,8th,8.G.B.6,8.G.B.6,Geometry,Geometry,,"In a right triangle, the sum of the squares of the two legs equals the square of the hypotenuse. a squared plus b squared equals c squared.","3² + 4² = 9 + 16 = 25 = 5², so c = 5.",Works ONLY for right triangles.,"c is always the hypotenuse — the longest side, across from the right angle.","a² + b² = c², for right triangles only.",acute-obtuse-grade-8; alternate-interior-angles-grade-8; angle-of-rotation-grade-8; axis-of-reflection-grade-8,DONE (OCR from card),g8_pythagoreanthm
reflection-grade-8,Reflection,8th,8.G.A.2,8.G.A.2,Geometry,Geometry,,"A transformation that flips a figure over a line of reflection, producing a mirror image. Each point and its image are equidistant from the line.","(x, y) → (-x, y) when reflecting over the y-axis.",The image is congruent but reversed.,"Each point and its image are the same distance from the line, on opposite sides.","A flip over a line, like a mirror.",acute-obtuse-grade-8; alternate-interior-angles-grade-8; angle-of-rotation-grade-8; axis-of-reflection-grade-8,DONE (OCR from card),g8_reflection
right-angle-grade-8,Right Angle,8th,8.G.B.7,8.G.B.7,Geometry,Geometry,,"An angle that measures exactly 90°, forming a square corner. It is marked with a small square symbol rather than an arc.",The corner of a page is a right angle.,"Acute < 90°, right = 90°, obtuse > 90°.","A right angle is marked with a small square, not an arc.","Exactly 90°, a perfect square corner.",acute-obtuse-grade-8; alternate-interior-angles-grade-8; angle-of-rotation-grade-8; axis-of-reflection-grade-8,DONE (OCR from card),g8_rightangle
rigid-motion-grade-8,Rigid Motion,8th,8.G.A.2,8.G.A.2,Geometry,Geometry,,"A transformation that preserves distances and angles, producing a congruent image. Translations, reflections, and rotations are rigid motions; dilations are not.",A translation slides a figure without changing its size or shape.,A dilation is NOT rigid — its size changes.,Rigid motions always produce a congruent image.,"Slides, flips, and turns — size and shape stay the same.",acute-obtuse-grade-8; alternate-interior-angles-grade-8; angle-of-rotation-grade-8; axis-of-reflection-grade-8,DONE (OCR from card),g8_rigidmotion
rotation-grade-8,Rotation,8th,8.G.A.3,8.G.A.3,Geometry,Geometry,,A transformation that turns a figure about a fixed center point by a specified angle and direction. The image is congruent to the original.,"90° CCW about the origin: (x,y) → (-y,x).",Size and shape stay the same — only the orientation changes.,A rotation is a rigid motion — the image stays congruent to the original.,A turn around a fixed center point.,acute-obtuse-grade-8; alternate-interior-angles-grade-8; angle-of-rotation-grade-8; axis-of-reflection-grade-8,DONE (OCR from card),g8_rotation
scale-factor-grade-8,Scale Factor,8th,8.G.A.4,8.G.A.4,Geometry,Geometry,,The ratio of a length in the image to the corresponding length in the original figure. It tells how much a dilation enlarges or reduces a figure.,A side of 4 becomes 8 → scale factor = 8/4 = 2.,k > 1 enlarges; k = 1 keeps the same size; 0 < k < 1 shrinks.,Scale factor compares the image's length to the original's length.,How many times bigger or smaller.,acute-obtuse-grade-8; alternate-interior-angles-grade-8; angle-of-rotation-grade-8; axis-of-reflection-grade-8,DONE (OCR from card),g8_scalefactor
similar-figures-grade-8,Similar Figures,8th,8.G.A.4,8.G.A.4,Geometry,Geometry,,Figures with the same shape but not necessarily the same size. Their corresponding angles are equal and corresponding sides are proportional.,"A triangle scaled by 2: all sides double, all angles stay equal.",Similar figures use the symbol ~.,Similar figures have equal angles and proportional sides.,"Same shape, sizes can differ.",acute-obtuse-grade-8; alternate-interior-angles-grade-8; angle-of-rotation-grade-8; axis-of-reflection-grade-8,DONE (OCR from card),g8_similarfigures
sphere-grade-8,Sphere,8th,8.G.C.9,8.G.C.9,Geometry,Geometry,,A perfectly round three-dimensional solid where every surface point is equidistant from the center. Its volume is four-thirds times pi times the radius cubed.,V = (4/3)π(3)³ = 36π ≈ 113.1 cubic units.,Every point on the surface is the same distance r from the center.,"Sphere volume uses r cubed, since a sphere fills three dimensions.","Perfectly round, volume uses r cubed.",acute-obtuse-grade-8; alternate-interior-angles-grade-8; angle-of-rotation-grade-8; axis-of-reflection-grade-8,DONE (OCR from card),g8_sphere
translation-grade-8,Translation,8th,8.G.A.1,8.G.A.1,Geometry,Geometry,,A transformation that slides every point of a figure the same distance in the same direction. The image is congruent to the original.,"(x, y) → (x+5, y+3) slides right 5 and up 3.","Size, shape, and orientation stay the same.",A translation is a rigid motion — the image stays congruent.,A slide — everything moves the same way.,acute-obtuse-grade-8; alternate-interior-angles-grade-8; angle-of-rotation-grade-8; axis-of-reflection-grade-8,DONE (OCR from card),g8_translation
transversal-grade-8,Transversal,8th,8.G.A.5,8.G.A.5,Geometry,Geometry,,"A line that intersects two or more other lines. When it crosses parallel lines, it creates pairs of angles with special relationships.",A transversal cutting two parallel lines forms 8 angles.,Angle 1 and angle 5 are corresponding; angle 3 and angle 6 are alternate interior.,"With parallel lines, a transversal creates equal or supplementary angle pairs.",A line that crosses two parallel lines.,acute-obtuse-grade-8; alternate-interior-angles-grade-8; angle-of-rotation-grade-8; axis-of-reflection-grade-8,DONE (OCR from card),g8_transversal
vector-grade-8,Vector,8th,8.G.A.1,8.G.A.1,Geometry,Geometry,,"A quantity with both magnitude and direction, drawn as an arrow. In translations it specifies how far and in what direction each point moves.","Vector <5, 3> means move 5 right and 3 up.",The first number is horizontal move; the second is vertical move.,A translation vector tells both distance and direction.,An arrow showing how far and which way to slide.,acute-obtuse-grade-8; alternate-interior-angles-grade-8; angle-of-rotation-grade-8; axis-of-reflection-grade-8,DONE (OCR from card),g8_vector
volume-grade-8,Volume,8th,8.G.C.9,8.G.C.9,Geometry,Geometry,,"The amount of three-dimensional space a solid occupies, measured in cubic units. Cylinders, cones, and spheres each have their own volume formula involving pi.",Cylinder: V = πr²h.,Cone: V = (1/3)πr²h. Sphere: V = (4/3)πr³.,"Cylinder, cone, and sphere all use pi and the radius, but the cone has 1/3 and the sphere uses r cubed.","Space inside a solid, measured in cubic units.",acute-obtuse-grade-8; alternate-interior-angles-grade-8; angle-of-rotation-grade-8; axis-of-reflection-grade-8,DONE (OCR from card),g8_volume
association-grade-8,Association,8th,8.SP.A.1,8.SP.A.1,Statistics & Probability,Statistics & Probability,,"The relationship between two variables shown in a scatter plot, described by its direction (positive or negative), form (linear or nonlinear), and strength.",Points trending both up together show positive association.,Points scattered randomly show no association.,"Association can be linear or nonlinear, strong or weak.",How two variables move together.,conditional-frequency-grade-8; joint-frequency-grade-8; linear-model-grade-8; line-of-best-fit-grade-8,DONE (OCR from card),sp8_association
conditional-frequency-grade-8,Conditional Frequency,8th,8.SP.A.4,8.SP.A.4,Statistics & Probability,Statistics & Probability,,"A relative frequency calculated within a single row or column of a two-way table, showing the proportion of one category given another.","Of those who like dogs (35 total), 20 also like cats: 20/35 ≈ 57%.","This is out of the row total, not the grand total.","A conditional frequency answers 'given this category, what fraction are also...?'","A fraction within one row or column, not the whole table.",association-grade-8; joint-frequency-grade-8; linear-model-grade-8; line-of-best-fit-grade-8,DONE (OCR from card),sp8_conditionalfrequency
joint-frequency-grade-8,Joint Frequency,8th,8.SP.A.4,8.SP.A.4,Statistics & Probability,Statistics & Probability,,"The count in a single inner cell of a two-way table, representing how many data values fall into one specific combination of both categories.",20 people like both dogs AND cats — that's the joint frequency.,Joint = an inner cell; marginal = a total on the edge.,"A joint frequency is a count inside the table, not a total.","One exact combination, counted.",association-grade-8; conditional-frequency-grade-8; linear-model-grade-8; line-of-best-fit-grade-8,DONE (OCR from card),sp8_jointfrequency
linear-model-grade-8,Linear Model,8th,8.SP.A.3,8.SP.A.3,Statistics & Probability,Statistics & Probability,,An equation of a straight line used to describe the relationship in a data set and to make predictions. Its slope and intercept are interpreted in real-world context.,y = 8x + 50: predict for 5 hours → y = 8(5)+50 = 90 points.,Slope 8 means each hour adds about 8 points; intercept 50 is the predicted score with 0 hours.,Use the linear model to describe the trend and predict new outputs.,An equation that describes the data's trend.,association-grade-8; conditional-frequency-grade-8; joint-frequency-grade-8; line-of-best-fit-grade-8,DONE (OCR from card),sp8_linearmodel
line-of-best-fit-grade-8,Line of Best Fit,8th,8.SP.A.2,8.SP.A.2,Statistics & Probability,Statistics & Probability,,"A straight line drawn through scatter-plot data to model the overall trend, positioned so the points are balanced as closely as possible around it.","The line follows the data's overall direction, even without touching every point.",About as many points fall above the line as below it.,The line of best fit does not need to touch every point — it captures the overall direction.,The line that best follows the trend.,association-grade-8; conditional-frequency-grade-8; joint-frequency-grade-8; linear-model-grade-8,DONE (OCR from card),sp8_lineofbestfit
marginal-frequency-grade-8,Marginal Frequency,8th,8.SP.A.4,8.SP.A.4,Statistics & Probability,Statistics & Probability,,"A row or column total in a two-way table, found in the margins. It gives the overall count for a single category, ignoring the other variable.",35 people like dogs in total (20 who also like cats + 15 who don't).,Marginal = edge total (one variable); joint = inner cell (both variables).,A marginal frequency is a total in the margins of the table.,"A total on the edge, for one category.",association-grade-8; conditional-frequency-grade-8; joint-frequency-grade-8; linear-model-grade-8,DONE (OCR from card),sp8_marginalfrequency
model-fit-grade-8,Model Fit,8th,8.SP.A.2,8.SP.A.2,Statistics & Probability,Statistics & Probability,,A measure of how well a line or curve matches the data it represents. Points clustered closely around the line indicate a strong fit; widely scattered points indicate a weak fit.,Points close to the line show a strong fit.,Points scattered widely show a weak fit.,"The smaller the gaps between points and the line, the better the fit.",How closely the line matches the data.,association-grade-8; conditional-frequency-grade-8; joint-frequency-grade-8; linear-model-grade-8,DONE (OCR from card),sp8_modelfit
outlier-grade-8,Outlier,8th,8.SP.A.1,8.SP.A.1,Statistics & Probability,Statistics & Probability,,A data point that differs markedly from the overall pattern of a data set. It lies far from the other points and can strongly affect summaries and trend lines.,"Most points follow the trend, but one point stands apart.",An outlier can come from a special case or a measurement error.,One unusual point can change your conclusions — always look for outliers.,A point that doesn't fit the pattern.,association-grade-8; conditional-frequency-grade-8; joint-frequency-grade-8; linear-model-grade-8,DONE (OCR from card),sp8_outlier
prediction-grade-8,Prediction,8th,8.SP.A.3,8.SP.A.3,Statistics & Probability,Statistics & Probability,,An estimate of an output value made by substituting a new input into a data model's equation. Predictions are most reliable within the range of the observed data.,For 6 hours: y=8(6)+50=98 points predicted.,Predicting far outside the data range is risky — the trend may not continue.,Plug the new input into the model's equation to predict the output.,Use the model to estimate a new value.,association-grade-8; conditional-frequency-grade-8; joint-frequency-grade-8; linear-model-grade-8,DONE (OCR from card),sp8_prediction
residual-grade-8,Residual,8th,8.SP.A.2,8.SP.A.2,Statistics & Probability,Statistics & Probability,,"The difference between an observed data value and the value predicted by the line of best fit, measured vertically. Small residuals indicate the line fits the data well.","Actual = 80, predicted = 74, residual = 80-74 = 6.",Points above the line have positive residuals; points below have negative residuals.,Residual = actual value minus predicted value.,"How far off the prediction was, for one point.",association-grade-8; conditional-frequency-grade-8; joint-frequency-grade-8; linear-model-grade-8,DONE (OCR from card),sp8_residual
scatter-plot-grade-8,Scatter Plot,8th,8.SP.A.1,8.SP.A.1,Statistics & Probability,Statistics & Probability,,"A graph of paired numerical data in which each point represents one observation. It is used to reveal relationships, trends, or clusters between two variables.","Each dot is one data pair (hours studied, test score).","As hours go up, scores tend to go up — a positive trend.",Look at the cloud of points as a whole — its shape and direction tell the story.,"Paired data, shown as points, to reveal a pattern.",association-grade-8; conditional-frequency-grade-8; joint-frequency-grade-8; linear-model-grade-8,DONE (OCR from card),sp8_scatterplot
two-way-table-grade-8,Two-Way Table,8th,8.SP.A.4,8.SP.A.4,Statistics & Probability,Statistics & Probability,,"A table that displays counts of data classified by two categorical variables, with inner cells showing combinations and margins showing row and column totals.","Rows for 'Likes Dogs/Dislikes Dogs', columns for 'Likes Cats/Dislikes Cats'.",Inner cells are joint counts; edges are marginal totals.,A two-way table sorts data by two categorical variables at once.,Counts organized by two categories.,association-grade-8; conditional-frequency-grade-8; joint-frequency-grade-8; linear-model-grade-8,DONE (OCR from card),sp8_twowaytable
